Wei Li,3642
Yang Liu,3436
Wei Wang,3407
Wei Zhang,3337
Lei Zhang,3318
Yu Zhang,3224
Lei Wang,3039
Li Zhang,2678
Xin Wang,2623
Jing Wang,2571
Yan Li,2560
Wei Liu,2512
Yang Li,2505
Wei Chen,2491
Yi Zhang,2478
Xin Li,2425
Jing Li,2376
Jian Wang,2352
Jun Wang,2337
Jing Zhang,2327
Yan Zhang,2269
Xi Chen,2155
Yang Yang,2113
Peng Wang,2105
Ying Wang,2102
Yan Wang,2101
Ying Li,2098
Jie Zhang,2091
Bo Li,2057
Hui Li,2030
Jun Zhang,2028
Li Li,2026
Li Wang,2018
Hao Wang,1992
Jie Li,1980
Jing Liu,1974
Xin Zhang,1948
Yu Wang,1933
Jun Li,1933
Xin Liu,1909
Tao Wang,1876
Yang Wang,1876
Yi Wang,1842
Yang Zhang,1817
Fan Zhang,1804
Ying Zhang,1794
Hao Zhang,1787
Yong Wang,1783
Bin Li,1762
Chao Wang,1757
Hui Wang,1749
Fan Yang,1746
Jie Chen,1722
Tao Zhang,1713
Yong Zhang,1711
Wei Wu,1704
Wei Wei,1700
Chang Liu,1697
Xiang Li,1641
Hao Li,1638
Yu Liu,1635
Rui Zhang,1624
Qi Wang,1612
Ming Li,1598
Yan Liu,1593
Qiang Wang,1580
Kai Wang,1559
Rui Wang,1543
Peng Zhang,1539
Chao Li,1535
Bin Liu,1533
Feng Li,1532
Qian Wang,1530
Xin Chen,1527
Lei Liu,1526
Hui Zhang,1525
Qiang Li,1502
Jian Zhang,1495
Fei Wang,1489
Hao Chen,1481
Peng Li,1476
Bo Wang,1475
Bo Zhang,1458
Jie Liu,1456
Jian Li,1444
Feng Wang,1437
Bin Wang,1431
Tao Li,1429
Yu Chen,1422
Qi Zhang,1414
Li Chen,1413
Yue Wang,1392
Ying Liu,1382
Lei Chen,1382
Dong Wang,1379
Bo Liu,1378
Wei Xu,1376
Rui Li,1373
Chao Zhang,1373
Jun Liu,1371
Roman Dengler,0
Thomas Schnelle,0
Minh-Quan Dang,0
Gabrielle Hoad,0
Karl Heiz Kellermayr,0
Mohamed Baddar,0
Xiaoyan Zhong,0
Steve Bratt,0
Peter W. Evans,0
Ann Stimson,0
Pierre Deslauriers,0
Kenneth J. Singleton,0
Bernd Helmis,0
Neda Y. Movahed,0
Shwang-Shi Bai,0
J. D. R. de Raadt,0
Simon Reif-Acherman,0
Dirk Thisen,0
Ahmed Alam Eldin,0
Elgin Helen Jakisch,0
Eve Elizabeth Hoggan,0
V. Puke,0
G. C. Cuddeford,0
T. A. Kalin,0
Nicola Jane Shelton,0
Don Levy,0
Steve Benner,0
Allison L. Hansen,0
Dmetri Hayes,0
Shawn Austin Walker,0
Irene Alvarez Caro,0
Pimprapai Thainiam,0
Kay P. Hradilak,0
Sebastian Polenz,0
Ardoth A. Hassler,0
Rolf Heitmüller,0
Anne Faulkner,0
Alexander Koenen-Dresp,0
M. Lejet Lilamand,0
Gregor D. Scott,0
John Phillip Mellor,0
Thomas Roser,0
Sol Weintraub,0
Carol M. Petroski,0
Victor Rosenberq,0
Mohamed Badawi,0
Bogdan M. Baishanski,0
Tatjana Prizl-Jakovac,0
Linus Schleupner,0
Ildiko Knaack,0
Michael Wollnik,0
Evgenia Vagianou,0
Stuart Lee Hartle,0
Jun-ichi Kani,0
Roman Matzke,0
Ken Neumeister,0
Sukanya Nath,0
P. Hippe,0
C. Turco,0
Mimi Herrmann,0
Eunji Shim,0
Ethelene Whitmire,0
Julien Rességuier,0
Henner Knabenreich,0
Tim A. Schreyer,0
Sherry D. Frese,0
Gerald L. Hershey,0
Miguel Calzón,0
Robert Groth,0
Mark Lotkin,0
Thomas Wirschem,0
A. W. J. Griffin,0
Vijay K. Randery,0
Andrew Koh,0
Bettina Gierke,0
C. Thorton,0
Juraj Hrivnák,0
Nathaniel Christen,0
Thomas M. Apke,0
Rainer Ackermann,0
David Buckle,0
Manfred Krzikalla,0
Gus Koehler,0
Andrew Lih,0
Stephen H. Kam,0
Gwanghoon Lee,0
John MacColl,0
Piero Dominici,0
Constance A. Mellon,0
James P. McGinty,0
Edward L. Tretel,0
Michael N. Lipp,0
Lutz Lämmer,0
Rodney Gleghorn,0
Frédérique Glacon,0
A. V. Hollenberg,0
George Szpiro,0
Kristofer Reyes,0
Ajita Deshmukh,0
Christopher Zoladz,0
